,pat_id,itrial,SepsisLabel,ridge_predictions
0,p118751,0,0,0.05158131812007711
1,p118751,0,0,0.05894532059521754
2,p118751,0,0,0.053240129829845745
3,p118751,0,0,0.0474499447826346
4,p118751,0,0,0.04306680968584958
5,p118751,0,0,0.041071098686107366
6,p118751,0,0,0.042639563966545585
7,p118751,0,0,0.05262225101588428
8,p118751,0,0,0.045419277840688194
9,p118751,0,0,0.04634120446096005
10,p118751,0,0,0.04987868625778229
11,p118751,0,0,0.042845594156714475
