,pat_id,itrial,SepsisLabel,ridge_predictions
0,p111551,0,0,0.056669662410181246
1,p111551,0,0,0.07607978728195967
2,p111551,0,0,0.0775211224298715
3,p111551,0,0,0.05533393766041945
4,p111551,0,0,0.0950351447606292
5,p111551,0,0,0.05537778389592976
6,p111551,0,0,0.09087148204627833
7,p111551,0,0,0.0544573186570014
8,p111551,0,0,0.053066050868709455
9,p111551,0,0,0.06303237462376779
10,p111551,0,0,0.053526046214957344
11,p111551,0,0,0.05373228811546383
12,p111551,0,0,0.08714376533833068
