,pat_id,itrial,SepsisLabel,ridge_predictions
0,p113671,0,0,0.07003783845895734
1,p113671,0,0,0.12464053959511838
2,p113671,0,0,0.0852263839727472
3,p113671,0,0,0.08406067760165431
4,p113671,0,0,0.08466796569727737
5,p113671,0,0,0.07207622973497249
6,p113671,0,0,0.08015199379503544
7,p113671,0,0,0.08521384086121489
8,p113671,0,0,0.08032749035394231
9,p113671,0,0,0.0776520734155513
10,p113671,0,0,0.09085293002605413
11,p113671,0,0,0.113091497409377
