,pat_id,itrial,SepsisLabel,ridge_predictions
0,p018126,0,0,0.08029679477689937
1,p018126,0,0,0.09684799542315155
2,p018126,0,0,0.09988049391239634
3,p018126,0,0,0.10307942671653979
4,p018126,0,0,0.10295556254158136
5,p018126,0,0,0.09364163760518378
6,p018126,0,0,0.11164573376963588
7,p018126,0,0,0.09925914510115091
8,p018126,0,0,0.12069954979720406
9,p018126,0,0,0.13419381906793662
