,pat_id,itrial,SepsisLabel,ridge_predictions
0,p119136,0,0,0.08055172225563188
1,p119136,0,0,0.11953500344003115
2,p119136,0,0,0.0805988168773829
3,p119136,0,0,0.08681956456457203
4,p119136,0,0,0.24186058899721904
5,p119136,0,0,0.27838391165291027
6,p119136,0,0,0.34512685892728817
7,p119136,0,0,0.24191454333480467
8,p119136,0,0,0.21035831003362604
9,p119136,0,0,0.20017159418350727
