,pat_id,itrial,SepsisLabel,ridge_predictions
0,p116024,0,0,0.05608170801244274
1,p116024,0,0,0.043432799200333064
2,p116024,0,0,0.03249349068249238
3,p116024,0,0,0.03883267003977679
4,p116024,0,0,0.03056902249107758
5,p116024,0,0,0.027789152326647196
6,p116024,0,0,0.038347198702926376
7,p116024,0,0,0.028429380922039938
8,p116024,0,0,0.03652611382414186
