,pat_id,itrial,SepsisLabel,ridge_predictions
0,p103861,0,0,0.057345909967492774
1,p103861,0,0,0.055912637588860246
2,p103861,0,0,0.05286072939750421
3,p103861,0,0,0.050305743772854045
4,p103861,0,0,0.06823939635059267
5,p103861,0,0,0.06759768178241289
6,p103861,0,0,0.061355805839181196
7,p103861,0,0,0.05426790467314263
8,p103861,0,0,0.05240615279169077
9,p103861,0,0,0.06220569496795519
10,p103861,0,0,0.05354996266612816
11,p103861,0,0,0.06306174700402425
