,pat_id,itrial,SepsisLabel,ridge_predictions,rf_predictions
0,p116024,0,0,0.05608170801244274,0.07621130651351656
1,p116024,0,0,0.043432799200333064,0.07637065434128709
2,p116024,0,0,0.03249349068249238,0.07388535494524216
3,p116024,0,0,0.03883267003977679,0.07569587463038309
4,p116024,0,0,0.03056902249107758,0.07564876691465947
5,p116024,0,0,0.027789152326647196,0.07420326081984699
6,p116024,0,0,0.038347198702926376,0.08190454370717459
7,p116024,0,0,0.028429380922039938,0.07806226403020423
8,p116024,0,0,0.03652611382414186,0.07592816775217265
