,pat_id,itrial,SepsisLabel,ridge_predictions,rf_predictions,dct_predictions,lr_predictions
0,p116024,0,0,0.05608170801244274,0.07621130651351656,0.08009125615932616,0.06261580237118794
1,p116024,0,0,0.043432799200333064,0.07637065434128709,0.0,0.04916395676026223
2,p116024,0,0,0.03249349068249238,0.07388535494524216,0.039783778471937765,0.040072375942597334
3,p116024,0,0,0.03883267003977679,0.07569587463038309,0.039783778471937765,0.0453542182993309
4,p116024,0,0,0.03056902249107758,0.07564876691465947,0.11966531713748327,0.03632978699519914
5,p116024,0,0,0.027789152326647196,0.07420326081984699,0.2396295105167109,0.03464828111898966
6,p116024,0,0,0.038347198702926376,0.08190454370717459,0.11966531713748327,0.042306318830476856
7,p116024,0,0,0.028429380922039938,0.07806226403020423,0.2396295105167109,0.03397084838478823
8,p116024,0,0,0.03652611382414186,0.07592816775217265,0.11966531713748327,0.04314648360402883
